metric,value
Accuracy,0.8138107987505578
Recall,0.8138107987505577
Precision,0.8058402374903674
F1 Score,0.7895903296362882
ROC-AUC,0.8730629696993149
