classifier,metric,value
RF,Accuracy,0.8051093261936635
RF,Weightedprecision,0.8007755330325701
RF,Weightedrecall,0.8051093261936635
RF,F1,0.7718613214885041
RF,Roc_auc,0.8623125008664898
DT,Accuracy,0.8106871932173138
DT,Weightedprecision,0.8001920667946216
DT,Weightedrecall,0.8106871932173138
DT,F1,0.7876818398327383
DT,Roc_auc,0.6977178682104646
